ID,SUBCLASS
TEST_0000,PAAD
TEST_0001,STES
TEST_0002,THYM
TEST_0003,LGG
TEST_0004,LAML
TEST_0005,STES
TEST_0006,LIHC
TEST_0007,SKCM
TEST_0008,PCPG
TEST_0009,KIRC
TEST_0010,CESC
TEST_0011,LAML
TEST_0012,COAD
TEST_0013,LIHC
TEST_0014,PCPG
TEST_0015,STES
TEST_0016,COAD
TEST_0017,THYM
TEST_0018,KIRC
TEST_0019,THYM
TEST_0020,COAD
TEST_0021,COAD
TEST_0022,LGG
TEST_0023,KIRC
TEST_0024,COAD
TEST_0025,COAD
TEST_0026,OV
TEST_0027,STES
TEST_0028,COAD
TEST_0029,THYM
TEST_0030,COAD
TEST_0031,COAD
TEST_0032,COAD
TEST_0033,KIRC
TEST_0034,KIPAN
TEST_0035,COAD
TEST_0036,LGG
TEST_0037,PRAD
TEST_0038,OV
TEST_0039,COAD
TEST_0040,LIHC
TEST_0041,LGG
TEST_0042,SKCM
TEST_0043,COAD
TEST_0044,BRCA
TEST_0045,HNSC
TEST_0046,KIPAN
TEST_0047,TGCT
TEST_0048,KIPAN
TEST_0049,COAD
TEST_0050,COAD
TEST_0051,KIPAN
TEST_0052,COAD
TEST_0053,OV
TEST_0054,CESC
TEST_0055,OV
TEST_0056,COAD
TEST_0057,BRCA
TEST_0058,LUSC
TEST_0059,THCA
TEST_0060,HNSC
TEST_0061,BRCA
TEST_0062,OV
TEST_0063,LIHC
TEST_0064,PRAD
TEST_0065,COAD
TEST_0066,COAD
TEST_0067,COAD
TEST_0068,LAML
TEST_0069,COAD
TEST_0070,COAD
TEST_0071,HNSC
TEST_0072,OV
TEST_0073,HNSC
TEST_0074,THYM
TEST_0075,THYM
TEST_0076,COAD
TEST_0077,COAD
TEST_0078,LIHC
TEST_0079,CESC
TEST_0080,SARC
TEST_0081,OV
TEST_0082,PAAD
TEST_0083,COAD
TEST_0084,COAD
TEST_0085,COAD
TEST_0086,LUSC
TEST_0087,THYM
TEST_0088,STES
TEST_0089,BRCA
TEST_0090,THCA
TEST_0091,KIPAN
TEST_0092,LUSC
TEST_0093,STES
TEST_0094,THYM
TEST_0095,TGCT
TEST_0096,PAAD
TEST_0097,STES
TEST_0098,COAD
TEST_0099,COAD
TEST_0100,THYM
TEST_0101,PAAD
TEST_0102,OV
TEST_0103,LGG
TEST_0104,LAML
TEST_0105,STES
TEST_0106,COAD
TEST_0107,SARC
TEST_0108,BLCA
TEST_0109,COAD
TEST_0110,THYM
TEST_0111,THCA
TEST_0112,UCEC
TEST_0113,BRCA
TEST_0114,COAD
TEST_0115,PRAD
TEST_0116,KIRC
TEST_0117,LGG
TEST_0118,PCPG
TEST_0119,LUSC
TEST_0120,COAD
TEST_0121,PCPG
TEST_0122,HNSC
TEST_0123,BRCA
TEST_0124,THCA
TEST_0125,COAD
TEST_0126,TGCT
TEST_0127,LGG
TEST_0128,PCPG
TEST_0129,KIPAN
TEST_0130,KIRC
TEST_0131,LAML
TEST_0132,OV
TEST_0133,PAAD
TEST_0134,STES
TEST_0135,KIRC
TEST_0136,HNSC
TEST_0137,BRCA
TEST_0138,THCA
TEST_0139,THYM
TEST_0140,COAD
TEST_0141,UCEC
TEST_0142,SKCM
TEST_0143,OV
TEST_0144,KIPAN
TEST_0145,THCA
TEST_0146,COAD
TEST_0147,LIHC
TEST_0148,LIHC
TEST_0149,STES
TEST_0150,COAD
TEST_0151,THCA
TEST_0152,OV
TEST_0153,LGG
TEST_0154,KIPAN
TEST_0155,TGCT
TEST_0156,THYM
TEST_0157,COAD
TEST_0158,HNSC
TEST_0159,PRAD
TEST_0160,PRAD
TEST_0161,COAD
TEST_0162,PAAD
TEST_0163,OV
TEST_0164,LGG
TEST_0165,STES
TEST_0166,COAD
TEST_0167,COAD
TEST_0168,PRAD
TEST_0169,LUSC
TEST_0170,THYM
TEST_0171,COAD
TEST_0172,TGCT
TEST_0173,THYM
TEST_0174,BRCA
TEST_0175,LAML
TEST_0176,BRCA
TEST_0177,OV
TEST_0178,LAML
TEST_0179,TGCT
TEST_0180,THYM
TEST_0181,BRCA
TEST_0182,BRCA
TEST_0183,OV
TEST_0184,THCA
TEST_0185,BRCA
TEST_0186,STES
TEST_0187,THYM
TEST_0188,LGG
TEST_0189,COAD
TEST_0190,BLCA
TEST_0191,UCEC
TEST_0192,THYM
TEST_0193,PAAD
TEST_0194,PAAD
TEST_0195,COAD
TEST_0196,PAAD
TEST_0197,STES
TEST_0198,TGCT
TEST_0199,LIHC
TEST_0200,KIPAN
TEST_0201,PRAD
TEST_0202,KIPAN
TEST_0203,THYM
TEST_0204,THCA
TEST_0205,OV
TEST_0206,KIPAN
TEST_0207,COAD
TEST_0208,UCEC
TEST_0209,COAD
TEST_0210,SKCM
TEST_0211,BRCA
TEST_0212,LAML
TEST_0213,BRCA
TEST_0214,THYM
TEST_0215,KIPAN
TEST_0216,STES
TEST_0217,KIPAN
TEST_0218,SARC
TEST_0219,THYM
TEST_0220,BRCA
TEST_0221,STES
TEST_0222,PRAD
TEST_0223,LGG
TEST_0224,UCEC
TEST_0225,TGCT
TEST_0226,THCA
TEST_0227,COAD
TEST_0228,PAAD
TEST_0229,KIPAN
TEST_0230,LUSC
TEST_0231,TGCT
TEST_0232,HNSC
TEST_0233,LUAD
TEST_0234,LUAD
TEST_0235,COAD
TEST_0236,LAML
TEST_0237,BRCA
TEST_0238,THCA
TEST_0239,SKCM
TEST_0240,COAD
TEST_0241,KIPAN
TEST_0242,COAD
TEST_0243,PAAD
TEST_0244,KIRC
TEST_0245,OV
TEST_0246,PCPG
TEST_0247,LGG
TEST_0248,COAD
TEST_0249,OV
TEST_0250,LUAD
TEST_0251,OV
TEST_0252,COAD
TEST_0253,THYM
TEST_0254,SKCM
TEST_0255,PRAD
TEST_0256,COAD
TEST_0257,OV
TEST_0258,COAD
TEST_0259,COAD
TEST_0260,THCA
TEST_0261,LUAD
TEST_0262,KIRC
TEST_0263,HNSC
TEST_0264,GBMLGG
TEST_0265,SARC
TEST_0266,THCA
TEST_0267,KIRC
TEST_0268,LIHC
TEST_0269,KIPAN
TEST_0270,SARC
TEST_0271,KIRC
TEST_0272,UCEC
TEST_0273,BRCA
TEST_0274,KIPAN
TEST_0275,UCEC
TEST_0276,COAD
TEST_0277,THYM
TEST_0278,COAD
TEST_0279,COAD
TEST_0280,COAD
TEST_0281,SKCM
TEST_0282,BRCA
TEST_0283,CESC
TEST_0284,HNSC
TEST_0285,THYM
TEST_0286,STES
TEST_0287,KIPAN
TEST_0288,HNSC
TEST_0289,COAD
TEST_0290,COAD
TEST_0291,LGG
TEST_0292,COAD
TEST_0293,ACC
TEST_0294,THYM
TEST_0295,STES
TEST_0296,SARC
TEST_0297,LIHC
TEST_0298,COAD
TEST_0299,UCEC
TEST_0300,COAD
TEST_0301,THCA
TEST_0302,CESC
TEST_0303,COAD
TEST_0304,COAD
TEST_0305,OV
TEST_0306,HNSC
TEST_0307,TGCT
TEST_0308,STES
TEST_0309,OV
TEST_0310,LGG
TEST_0311,CESC
TEST_0312,STES
TEST_0313,STES
TEST_0314,COAD
TEST_0315,PAAD
TEST_0316,BRCA
TEST_0317,COAD
TEST_0318,BRCA
TEST_0319,UCEC
TEST_0320,THYM
TEST_0321,STES
TEST_0322,LGG
TEST_0323,COAD
TEST_0324,SKCM
TEST_0325,COAD
TEST_0326,OV
TEST_0327,OV
TEST_0328,THCA
TEST_0329,CESC
TEST_0330,COAD
TEST_0331,COAD
TEST_0332,LUSC
TEST_0333,GBMLGG
TEST_0334,BRCA
TEST_0335,BLCA
TEST_0336,COAD
TEST_0337,COAD
TEST_0338,KIPAN
TEST_0339,BRCA
TEST_0340,ACC
TEST_0341,CESC
TEST_0342,SKCM
TEST_0343,OV
TEST_0344,COAD
TEST_0345,LUAD
TEST_0346,COAD
TEST_0347,STES
TEST_0348,SKCM
TEST_0349,COAD
TEST_0350,COAD
TEST_0351,UCEC
TEST_0352,THYM
TEST_0353,LIHC
TEST_0354,COAD
TEST_0355,PAAD
TEST_0356,PAAD
TEST_0357,TGCT
TEST_0358,COAD
TEST_0359,COAD
TEST_0360,OV
TEST_0361,GBMLGG
TEST_0362,STES
TEST_0363,COAD
TEST_0364,OV
TEST_0365,KIPAN
TEST_0366,KIRC
TEST_0367,PCPG
TEST_0368,COAD
TEST_0369,COAD
TEST_0370,THCA
TEST_0371,THYM
TEST_0372,OV
TEST_0373,BRCA
TEST_0374,THYM
TEST_0375,PAAD
TEST_0376,TGCT
TEST_0377,TGCT
TEST_0378,HNSC
TEST_0379,THCA
TEST_0380,COAD
TEST_0381,COAD
TEST_0382,LAML
TEST_0383,COAD
TEST_0384,THYM
TEST_0385,COAD
TEST_0386,UCEC
TEST_0387,PRAD
TEST_0388,PCPG
TEST_0389,KIRC
TEST_0390,THYM
TEST_0391,PAAD
TEST_0392,KIRC
TEST_0393,KIRC
TEST_0394,LIHC
TEST_0395,PRAD
TEST_0396,OV
TEST_0397,LUSC
TEST_0398,THYM
TEST_0399,BRCA
TEST_0400,COAD
TEST_0401,PCPG
TEST_0402,COAD
TEST_0403,STES
TEST_0404,THYM
TEST_0405,COAD
TEST_0406,STES
TEST_0407,COAD
TEST_0408,SARC
TEST_0409,THCA
TEST_0410,LUSC
TEST_0411,BRCA
TEST_0412,PCPG
TEST_0413,OV
TEST_0414,COAD
TEST_0415,PCPG
TEST_0416,COAD
TEST_0417,THCA
TEST_0418,BRCA
TEST_0419,COAD
TEST_0420,OV
TEST_0421,PAAD
TEST_0422,COAD
TEST_0423,COAD
TEST_0424,PRAD
TEST_0425,COAD
TEST_0426,COAD
TEST_0427,BRCA
TEST_0428,PRAD
TEST_0429,COAD
TEST_0430,KIPAN
TEST_0431,COAD
TEST_0432,PRAD
TEST_0433,LUAD
TEST_0434,LUAD
TEST_0435,THYM
TEST_0436,COAD
TEST_0437,PRAD
TEST_0438,UCEC
TEST_0439,SARC
TEST_0440,COAD
TEST_0441,OV
TEST_0442,COAD
TEST_0443,PAAD
TEST_0444,COAD
TEST_0445,THYM
TEST_0446,THYM
TEST_0447,COAD
TEST_0448,THCA
TEST_0449,CESC
TEST_0450,THYM
TEST_0451,LUAD
TEST_0452,COAD
TEST_0453,COAD
TEST_0454,BRCA
TEST_0455,COAD
TEST_0456,LAML
TEST_0457,COAD
TEST_0458,STES
TEST_0459,PRAD
TEST_0460,COAD
TEST_0461,SARC
TEST_0462,TGCT
TEST_0463,LUAD
TEST_0464,COAD
TEST_0465,TGCT
TEST_0466,COAD
TEST_0467,COAD
TEST_0468,BLCA
TEST_0469,BRCA
TEST_0470,COAD
TEST_0471,CESC
TEST_0472,COAD
TEST_0473,SARC
TEST_0474,UCEC
TEST_0475,KIPAN
TEST_0476,PRAD
TEST_0477,SKCM
TEST_0478,LGG
TEST_0479,PRAD
TEST_0480,PCPG
TEST_0481,THYM
TEST_0482,COAD
TEST_0483,THYM
TEST_0484,BRCA
TEST_0485,CESC
TEST_0486,OV
TEST_0487,OV
TEST_0488,COAD
TEST_0489,HNSC
TEST_0490,THCA
TEST_0491,THYM
TEST_0492,GBMLGG
TEST_0493,COAD
TEST_0494,OV
TEST_0495,OV
TEST_0496,OV
TEST_0497,THCA
TEST_0498,SARC
TEST_0499,COAD
TEST_0500,PCPG
TEST_0501,OV
TEST_0502,PRAD
TEST_0503,COAD
TEST_0504,PAAD
TEST_0505,PAAD
TEST_0506,KIPAN
TEST_0507,OV
TEST_0508,COAD
TEST_0509,COAD
TEST_0510,COAD
TEST_0511,LAML
TEST_0512,KIPAN
TEST_0513,BRCA
TEST_0514,BLCA
TEST_0515,LIHC
TEST_0516,OV
TEST_0517,COAD
TEST_0518,HNSC
TEST_0519,THCA
TEST_0520,COAD
TEST_0521,COAD
TEST_0522,PAAD
TEST_0523,PCPG
TEST_0524,OV
TEST_0525,COAD
TEST_0526,COAD
TEST_0527,COAD
TEST_0528,OV
TEST_0529,THCA
TEST_0530,OV
TEST_0531,KIPAN
TEST_0532,COAD
TEST_0533,COAD
TEST_0534,THYM
TEST_0535,DLBC
TEST_0536,PCPG
TEST_0537,TGCT
TEST_0538,THYM
TEST_0539,KIRC
TEST_0540,HNSC
TEST_0541,PAAD
TEST_0542,ACC
TEST_0543,COAD
TEST_0544,PCPG
TEST_0545,THYM
TEST_0546,LIHC
TEST_0547,LIHC
TEST_0548,KIPAN
TEST_0549,KIPAN
TEST_0550,KIRC
TEST_0551,OV
TEST_0552,COAD
TEST_0553,BRCA
TEST_0554,TGCT
TEST_0555,COAD
TEST_0556,COAD
TEST_0557,OV
TEST_0558,LAML
TEST_0559,COAD
TEST_0560,THCA
TEST_0561,CESC
TEST_0562,PRAD
TEST_0563,STES
TEST_0564,COAD
TEST_0565,THCA
TEST_0566,SKCM
TEST_0567,COAD
TEST_0568,TGCT
TEST_0569,SKCM
TEST_0570,COAD
TEST_0571,KIRC
TEST_0572,KIRC
TEST_0573,LGG
TEST_0574,OV
TEST_0575,COAD
TEST_0576,PCPG
TEST_0577,BRCA
TEST_0578,HNSC
TEST_0579,BLCA
TEST_0580,COAD
TEST_0581,COAD
TEST_0582,COAD
TEST_0583,LUSC
TEST_0584,LIHC
TEST_0585,KIPAN
TEST_0586,THCA
TEST_0587,STES
TEST_0588,COAD
TEST_0589,LUSC
TEST_0590,PAAD
TEST_0591,COAD
TEST_0592,STES
TEST_0593,LUSC
TEST_0594,BRCA
TEST_0595,THYM
TEST_0596,SKCM
TEST_0597,COAD
TEST_0598,BRCA
TEST_0599,COAD
TEST_0600,KIPAN
TEST_0601,COAD
TEST_0602,LAML
TEST_0603,SKCM
TEST_0604,COAD
TEST_0605,GBMLGG
TEST_0606,COAD
TEST_0607,STES
TEST_0608,COAD
TEST_0609,THYM
TEST_0610,BRCA
TEST_0611,KIRC
TEST_0612,BRCA
TEST_0613,COAD
TEST_0614,TGCT
TEST_0615,COAD
TEST_0616,UCEC
TEST_0617,OV
TEST_0618,OV
TEST_0619,THYM
TEST_0620,LUSC
TEST_0621,THYM
TEST_0622,KIRC
TEST_0623,LUAD
TEST_0624,LUSC
TEST_0625,COAD
TEST_0626,COAD
TEST_0627,COAD
TEST_0628,COAD
TEST_0629,COAD
TEST_0630,COAD
TEST_0631,COAD
TEST_0632,COAD
TEST_0633,SKCM
TEST_0634,COAD
TEST_0635,PRAD
TEST_0636,SKCM
TEST_0637,PCPG
TEST_0638,COAD
TEST_0639,COAD
TEST_0640,COAD
TEST_0641,PRAD
TEST_0642,HNSC
TEST_0643,THCA
TEST_0644,LIHC
TEST_0645,COAD
TEST_0646,COAD
TEST_0647,HNSC
TEST_0648,STES
TEST_0649,GBMLGG
TEST_0650,STES
TEST_0651,LIHC
TEST_0652,STES
TEST_0653,COAD
TEST_0654,PCPG
TEST_0655,THYM
TEST_0656,THYM
TEST_0657,BRCA
TEST_0658,COAD
TEST_0659,COAD
TEST_0660,COAD
TEST_0661,OV
TEST_0662,LGG
TEST_0663,COAD
TEST_0664,THYM
TEST_0665,TGCT
TEST_0666,KIPAN
TEST_0667,COAD
TEST_0668,COAD
TEST_0669,THYM
TEST_0670,KIRC
TEST_0671,COAD
TEST_0672,PRAD
TEST_0673,SARC
TEST_0674,UCEC
TEST_0675,COAD
TEST_0676,THYM
TEST_0677,OV
TEST_0678,THCA
TEST_0679,THCA
TEST_0680,HNSC
TEST_0681,COAD
TEST_0682,COAD
TEST_0683,BRCA
TEST_0684,PRAD
TEST_0685,SARC
TEST_0686,TGCT
TEST_0687,COAD
TEST_0688,COAD
TEST_0689,OV
TEST_0690,LUSC
TEST_0691,BRCA
TEST_0692,OV
TEST_0693,THYM
TEST_0694,STES
TEST_0695,PCPG
TEST_0696,THYM
TEST_0697,COAD
TEST_0698,LUSC
TEST_0699,LGG
TEST_0700,OV
TEST_0701,THYM
TEST_0702,THCA
TEST_0703,SARC
TEST_0704,PCPG
TEST_0705,UCEC
TEST_0706,LGG
TEST_0707,SKCM
TEST_0708,KIPAN
TEST_0709,OV
TEST_0710,THYM
TEST_0711,TGCT
TEST_0712,OV
TEST_0713,COAD
TEST_0714,PRAD
TEST_0715,CESC
TEST_0716,LGG
TEST_0717,SKCM
TEST_0718,PAAD
TEST_0719,LAML
TEST_0720,PRAD
TEST_0721,COAD
TEST_0722,ACC
TEST_0723,BRCA
TEST_0724,HNSC
TEST_0725,PRAD
TEST_0726,COAD
TEST_0727,PRAD
TEST_0728,OV
TEST_0729,PRAD
TEST_0730,COAD
TEST_0731,COAD
TEST_0732,COAD
TEST_0733,THCA
TEST_0734,COAD
TEST_0735,PRAD
TEST_0736,THYM
TEST_0737,KIRC
TEST_0738,OV
TEST_0739,BLCA
TEST_0740,PRAD
TEST_0741,THCA
TEST_0742,STES
TEST_0743,PCPG
TEST_0744,COAD
TEST_0745,LAML
TEST_0746,STES
TEST_0747,COAD
TEST_0748,BRCA
TEST_0749,COAD
TEST_0750,KIRC
TEST_0751,COAD
TEST_0752,PRAD
TEST_0753,COAD
TEST_0754,PAAD
TEST_0755,COAD
TEST_0756,SKCM
TEST_0757,THYM
TEST_0758,THCA
TEST_0759,COAD
TEST_0760,STES
TEST_0761,HNSC
TEST_0762,PAAD
TEST_0763,COAD
TEST_0764,COAD
TEST_0765,UCEC
TEST_0766,SKCM
TEST_0767,KIPAN
TEST_0768,COAD
TEST_0769,COAD
TEST_0770,KIPAN
TEST_0771,SARC
TEST_0772,THYM
TEST_0773,TGCT
TEST_0774,KIRC
TEST_0775,STES
TEST_0776,KIRC
TEST_0777,PAAD
TEST_0778,OV
TEST_0779,STES
TEST_0780,THCA
TEST_0781,COAD
TEST_0782,OV
TEST_0783,KIPAN
TEST_0784,KIRC
TEST_0785,PRAD
TEST_0786,BRCA
TEST_0787,THYM
TEST_0788,LUSC
TEST_0789,UCEC
TEST_0790,OV
TEST_0791,OV
TEST_0792,COAD
TEST_0793,SARC
TEST_0794,KIRC
TEST_0795,COAD
TEST_0796,LAML
TEST_0797,PAAD
TEST_0798,THYM
TEST_0799,COAD
TEST_0800,KIRC
TEST_0801,CESC
TEST_0802,KIPAN
TEST_0803,COAD
TEST_0804,UCEC
TEST_0805,OV
TEST_0806,UCEC
TEST_0807,COAD
TEST_0808,COAD
TEST_0809,THYM
TEST_0810,HNSC
TEST_0811,PAAD
TEST_0812,PRAD
TEST_0813,STES
TEST_0814,BLCA
TEST_0815,SARC
TEST_0816,COAD
TEST_0817,TGCT
TEST_0818,COAD
TEST_0819,PRAD
TEST_0820,COAD
TEST_0821,LGG
TEST_0822,SARC
TEST_0823,PAAD
TEST_0824,LGG
TEST_0825,KIRC
TEST_0826,KIPAN
TEST_0827,OV
TEST_0828,BRCA
TEST_0829,COAD
TEST_0830,BRCA
TEST_0831,COAD
TEST_0832,LAML
TEST_0833,PRAD
TEST_0834,LGG
TEST_0835,COAD
TEST_0836,KIRC
TEST_0837,KIPAN
TEST_0838,COAD
TEST_0839,HNSC
TEST_0840,OV
TEST_0841,COAD
TEST_0842,THCA
TEST_0843,OV
TEST_0844,KIRC
TEST_0845,LIHC
TEST_0846,LGG
TEST_0847,BLCA
TEST_0848,STES
TEST_0849,LUAD
TEST_0850,HNSC
TEST_0851,COAD
TEST_0852,BRCA
TEST_0853,CESC
TEST_0854,KIRC
TEST_0855,THYM
TEST_0856,PCPG
TEST_0857,SARC
TEST_0858,COAD
TEST_0859,COAD
TEST_0860,KIRC
TEST_0861,STES
TEST_0862,PAAD
TEST_0863,COAD
TEST_0864,LAML
TEST_0865,PRAD
TEST_0866,PAAD
TEST_0867,LIHC
TEST_0868,COAD
TEST_0869,THYM
TEST_0870,COAD
TEST_0871,COAD
TEST_0872,BRCA
TEST_0873,BRCA
TEST_0874,COAD
TEST_0875,PCPG
TEST_0876,COAD
TEST_0877,THYM
TEST_0878,THYM
TEST_0879,THCA
TEST_0880,THYM
TEST_0881,HNSC
TEST_0882,COAD
TEST_0883,SKCM
TEST_0884,BRCA
TEST_0885,PRAD
TEST_0886,LGG
TEST_0887,BRCA
TEST_0888,COAD
TEST_0889,COAD
TEST_0890,COAD
TEST_0891,OV
TEST_0892,COAD
TEST_0893,TGCT
TEST_0894,LAML
TEST_0895,SKCM
TEST_0896,PAAD
TEST_0897,PCPG
TEST_0898,THYM
TEST_0899,THYM
TEST_0900,HNSC
TEST_0901,HNSC
TEST_0902,SARC
TEST_0903,COAD
TEST_0904,KIPAN
TEST_0905,PAAD
TEST_0906,THCA
TEST_0907,STES
TEST_0908,SKCM
TEST_0909,COAD
TEST_0910,THCA
TEST_0911,THYM
TEST_0912,PAAD
TEST_0913,LUSC
TEST_0914,STES
TEST_0915,COAD
TEST_0916,PAAD
TEST_0917,LIHC
TEST_0918,TGCT
TEST_0919,CESC
TEST_0920,HNSC
TEST_0921,BLCA
TEST_0922,THCA
TEST_0923,BRCA
TEST_0924,THYM
TEST_0925,KIPAN
TEST_0926,COAD
TEST_0927,BRCA
TEST_0928,SKCM
TEST_0929,TGCT
TEST_0930,COAD
TEST_0931,KIRC
TEST_0932,PCPG
TEST_0933,LUSC
TEST_0934,OV
TEST_0935,THCA
TEST_0936,HNSC
TEST_0937,COAD
TEST_0938,LGG
TEST_0939,COAD
TEST_0940,THYM
TEST_0941,COAD
TEST_0942,PCPG
TEST_0943,UCEC
TEST_0944,OV
TEST_0945,OV
TEST_0946,TGCT
TEST_0947,LGG
TEST_0948,KIPAN
TEST_0949,COAD
TEST_0950,KIPAN
TEST_0951,LGG
TEST_0952,COAD
TEST_0953,TGCT
TEST_0954,LAML
TEST_0955,PCPG
TEST_0956,STES
TEST_0957,SKCM
TEST_0958,OV
TEST_0959,COAD
TEST_0960,THYM
TEST_0961,BRCA
TEST_0962,STES
TEST_0963,COAD
TEST_0964,OV
TEST_0965,STES
TEST_0966,COAD
TEST_0967,UCEC
TEST_0968,COAD
TEST_0969,COAD
TEST_0970,COAD
TEST_0971,TGCT
TEST_0972,COAD
TEST_0973,CESC
TEST_0974,KIPAN
TEST_0975,LGG
TEST_0976,LGG
TEST_0977,COAD
TEST_0978,OV
TEST_0979,THYM
TEST_0980,STES
TEST_0981,BRCA
TEST_0982,PCPG
TEST_0983,SARC
TEST_0984,KIRC
TEST_0985,COAD
TEST_0986,UCEC
TEST_0987,LGG
TEST_0988,THYM
TEST_0989,LUAD
TEST_0990,TGCT
TEST_0991,OV
TEST_0992,GBMLGG
TEST_0993,LUAD
TEST_0994,PAAD
TEST_0995,LIHC
TEST_0996,COAD
TEST_0997,BRCA
TEST_0998,COAD
TEST_0999,THCA
TEST_1000,THCA
TEST_1001,COAD
TEST_1002,OV
TEST_1003,COAD
TEST_1004,KIPAN
TEST_1005,TGCT
TEST_1006,COAD
TEST_1007,COAD
TEST_1008,OV
TEST_1009,PRAD
TEST_1010,STES
TEST_1011,LUAD
TEST_1012,SARC
TEST_1013,KIRC
TEST_1014,COAD
TEST_1015,SARC
TEST_1016,PRAD
TEST_1017,LGG
TEST_1018,BRCA
TEST_1019,COAD
TEST_1020,HNSC
TEST_1021,TGCT
TEST_1022,THYM
TEST_1023,THYM
TEST_1024,STES
TEST_1025,HNSC
TEST_1026,PRAD
TEST_1027,COAD
TEST_1028,BRCA
TEST_1029,KIRC
TEST_1030,LGG
TEST_1031,COAD
TEST_1032,THCA
TEST_1033,THCA
TEST_1034,PAAD
TEST_1035,THYM
TEST_1036,KIPAN
TEST_1037,LAML
TEST_1038,STES
TEST_1039,LUSC
TEST_1040,COAD
TEST_1041,COAD
TEST_1042,THYM
TEST_1043,KIPAN
TEST_1044,HNSC
TEST_1045,BLCA
TEST_1046,PCPG
TEST_1047,SARC
TEST_1048,BRCA
TEST_1049,COAD
TEST_1050,SKCM
TEST_1051,COAD
TEST_1052,COAD
TEST_1053,OV
TEST_1054,COAD
TEST_1055,THYM
TEST_1056,BRCA
TEST_1057,BRCA
TEST_1058,PRAD
TEST_1059,OV
TEST_1060,COAD
TEST_1061,SARC
TEST_1062,COAD
TEST_1063,COAD
TEST_1064,STES
TEST_1065,THYM
TEST_1066,BLCA
TEST_1067,OV
TEST_1068,BRCA
TEST_1069,LUAD
TEST_1070,ACC
TEST_1071,KIRC
TEST_1072,KIRC
TEST_1073,COAD
TEST_1074,UCEC
TEST_1075,SKCM
TEST_1076,LUAD
TEST_1077,LUSC
TEST_1078,THYM
TEST_1079,COAD
TEST_1080,SKCM
TEST_1081,SKCM
TEST_1082,PRAD
TEST_1083,OV
TEST_1084,GBMLGG
TEST_1085,PCPG
TEST_1086,COAD
TEST_1087,LAML
TEST_1088,STES
TEST_1089,SARC
TEST_1090,LGG
TEST_1091,KIRC
TEST_1092,CESC
TEST_1093,THYM
TEST_1094,COAD
TEST_1095,TGCT
TEST_1096,BRCA
TEST_1097,COAD
TEST_1098,OV
TEST_1099,LGG
TEST_1100,COAD
TEST_1101,PCPG
TEST_1102,THYM
TEST_1103,STES
TEST_1104,BRCA
TEST_1105,COAD
TEST_1106,THCA
TEST_1107,GBMLGG
TEST_1108,LUSC
TEST_1109,PAAD
TEST_1110,SARC
TEST_1111,CESC
TEST_1112,GBMLGG
TEST_1113,KIRC
TEST_1114,KIPAN
TEST_1115,SARC
TEST_1116,LGG
TEST_1117,OV
TEST_1118,THYM
TEST_1119,COAD
TEST_1120,COAD
TEST_1121,PRAD
TEST_1122,TGCT
TEST_1123,COAD
TEST_1124,COAD
TEST_1125,COAD
TEST_1126,UCEC
TEST_1127,CESC
TEST_1128,STES
TEST_1129,COAD
TEST_1130,GBMLGG
TEST_1131,COAD
TEST_1132,TGCT
TEST_1133,COAD
TEST_1134,UCEC
TEST_1135,OV
TEST_1136,LGG
TEST_1137,CESC
TEST_1138,PAAD
TEST_1139,PCPG
TEST_1140,THYM
TEST_1141,STES
TEST_1142,COAD
TEST_1143,OV
TEST_1144,COAD
TEST_1145,SKCM
TEST_1146,OV
TEST_1147,COAD
TEST_1148,COAD
TEST_1149,COAD
TEST_1150,OV
TEST_1151,COAD
TEST_1152,COAD
TEST_1153,OV
TEST_1154,STES
TEST_1155,LGG
TEST_1156,COAD
TEST_1157,OV
TEST_1158,LUSC
TEST_1159,COAD
TEST_1160,GBMLGG
TEST_1161,COAD
TEST_1162,SKCM
TEST_1163,LUAD
TEST_1164,PAAD
TEST_1165,COAD
TEST_1166,COAD
TEST_1167,BRCA
TEST_1168,SARC
TEST_1169,PCPG
TEST_1170,KIPAN
TEST_1171,BRCA
TEST_1172,COAD
TEST_1173,COAD
TEST_1174,BRCA
TEST_1175,KIPAN
TEST_1176,PCPG
TEST_1177,LGG
TEST_1178,BLCA
TEST_1179,LUAD
TEST_1180,GBMLGG
TEST_1181,THYM
TEST_1182,COAD
TEST_1183,PCPG
TEST_1184,KIPAN
TEST_1185,GBMLGG
TEST_1186,COAD
TEST_1187,COAD
TEST_1188,OV
TEST_1189,KIPAN
TEST_1190,OV
TEST_1191,THCA
TEST_1192,TGCT
TEST_1193,COAD
TEST_1194,UCEC
TEST_1195,COAD
TEST_1196,OV
TEST_1197,THCA
TEST_1198,STES
TEST_1199,SARC
TEST_1200,OV
TEST_1201,BRCA
TEST_1202,KIRC
TEST_1203,COAD
TEST_1204,KIPAN
TEST_1205,LGG
TEST_1206,COAD
TEST_1207,KIPAN
TEST_1208,UCEC
TEST_1209,STES
TEST_1210,OV
TEST_1211,THCA
TEST_1212,BRCA
TEST_1213,BRCA
TEST_1214,COAD
TEST_1215,GBMLGG
TEST_1216,STES
TEST_1217,STES
TEST_1218,COAD
TEST_1219,BRCA
TEST_1220,STES
TEST_1221,STES
TEST_1222,STES
TEST_1223,COAD
TEST_1224,COAD
TEST_1225,CESC
TEST_1226,PRAD
TEST_1227,KIPAN
TEST_1228,BRCA
TEST_1229,TGCT
TEST_1230,LGG
TEST_1231,COAD
TEST_1232,KIPAN
TEST_1233,BLCA
TEST_1234,TGCT
TEST_1235,LGG
TEST_1236,CESC
TEST_1237,THYM
TEST_1238,KIPAN
TEST_1239,GBMLGG
TEST_1240,COAD
TEST_1241,PRAD
TEST_1242,KIPAN
TEST_1243,THYM
TEST_1244,TGCT
TEST_1245,THCA
TEST_1246,LAML
TEST_1247,LIHC
TEST_1248,SARC
TEST_1249,THYM
TEST_1250,COAD
TEST_1251,COAD
TEST_1252,KIPAN
TEST_1253,STES
TEST_1254,COAD
TEST_1255,COAD
TEST_1256,THYM
TEST_1257,PRAD
TEST_1258,BRCA
TEST_1259,COAD
TEST_1260,COAD
TEST_1261,LGG
TEST_1262,HNSC
TEST_1263,THCA
TEST_1264,BRCA
TEST_1265,UCEC
TEST_1266,SARC
TEST_1267,THYM
TEST_1268,PAAD
TEST_1269,THCA
TEST_1270,COAD
TEST_1271,COAD
TEST_1272,BLCA
TEST_1273,KIPAN
TEST_1274,COAD
TEST_1275,UCEC
TEST_1276,SARC
TEST_1277,COAD
TEST_1278,KIRC
TEST_1279,THYM
TEST_1280,LUSC
TEST_1281,THYM
TEST_1282,GBMLGG
TEST_1283,KIPAN
TEST_1284,COAD
TEST_1285,SARC
TEST_1286,GBMLGG
TEST_1287,THYM
TEST_1288,COAD
TEST_1289,COAD
TEST_1290,THYM
TEST_1291,COAD
TEST_1292,STES
TEST_1293,PAAD
TEST_1294,PRAD
TEST_1295,THYM
TEST_1296,KIPAN
TEST_1297,BLCA
TEST_1298,COAD
TEST_1299,LUAD
TEST_1300,COAD
TEST_1301,KIPAN
TEST_1302,OV
TEST_1303,STES
TEST_1304,HNSC
TEST_1305,LGG
TEST_1306,SKCM
TEST_1307,COAD
TEST_1308,STES
TEST_1309,OV
TEST_1310,COAD
TEST_1311,THYM
TEST_1312,THYM
TEST_1313,COAD
TEST_1314,SARC
TEST_1315,COAD
TEST_1316,COAD
TEST_1317,TGCT
TEST_1318,BRCA
TEST_1319,UCEC
TEST_1320,BRCA
TEST_1321,TGCT
TEST_1322,COAD
TEST_1323,BRCA
TEST_1324,COAD
TEST_1325,LIHC
TEST_1326,KIPAN
TEST_1327,PRAD
TEST_1328,SKCM
TEST_1329,LAML
TEST_1330,BRCA
TEST_1331,THCA
TEST_1332,KIRC
TEST_1333,LUAD
TEST_1334,OV
TEST_1335,OV
TEST_1336,COAD
TEST_1337,SKCM
TEST_1338,THYM
TEST_1339,COAD
TEST_1340,THCA
TEST_1341,STES
TEST_1342,STES
TEST_1343,COAD
TEST_1344,KIRC
TEST_1345,COAD
TEST_1346,TGCT
TEST_1347,KIPAN
TEST_1348,LAML
TEST_1349,CESC
TEST_1350,COAD
TEST_1351,TGCT
TEST_1352,STES
TEST_1353,BRCA
TEST_1354,KIPAN
TEST_1355,CESC
TEST_1356,COAD
TEST_1357,COAD
TEST_1358,OV
TEST_1359,UCEC
TEST_1360,THYM
TEST_1361,BRCA
TEST_1362,PRAD
TEST_1363,STES
TEST_1364,THYM
TEST_1365,LGG
TEST_1366,SKCM
TEST_1367,BLCA
TEST_1368,PRAD
TEST_1369,OV
TEST_1370,COAD
TEST_1371,THYM
TEST_1372,COAD
TEST_1373,COAD
TEST_1374,COAD
TEST_1375,HNSC
TEST_1376,COAD
TEST_1377,THCA
TEST_1378,TGCT
TEST_1379,STES
TEST_1380,KIRC
TEST_1381,COAD
TEST_1382,THCA
TEST_1383,LGG
TEST_1384,THCA
TEST_1385,STES
TEST_1386,COAD
TEST_1387,CESC
TEST_1388,THCA
TEST_1389,COAD
TEST_1390,LAML
TEST_1391,THCA
TEST_1392,SKCM
TEST_1393,PRAD
TEST_1394,LGG
TEST_1395,LGG
TEST_1396,COAD
TEST_1397,LGG
TEST_1398,COAD
TEST_1399,LGG
TEST_1400,SARC
TEST_1401,OV
TEST_1402,ACC
TEST_1403,BRCA
TEST_1404,THCA
TEST_1405,HNSC
TEST_1406,COAD
TEST_1407,STES
TEST_1408,KIRC
TEST_1409,LUSC
TEST_1410,PCPG
TEST_1411,GBMLGG
TEST_1412,TGCT
TEST_1413,KIPAN
TEST_1414,PAAD
TEST_1415,COAD
TEST_1416,DLBC
TEST_1417,COAD
TEST_1418,BRCA
TEST_1419,LIHC
TEST_1420,COAD
TEST_1421,LGG
TEST_1422,COAD
TEST_1423,PAAD
TEST_1424,OV
TEST_1425,COAD
TEST_1426,KIRC
TEST_1427,COAD
TEST_1428,KIPAN
TEST_1429,COAD
TEST_1430,BLCA
TEST_1431,COAD
TEST_1432,LUSC
TEST_1433,OV
TEST_1434,COAD
TEST_1435,PCPG
TEST_1436,BRCA
TEST_1437,PCPG
TEST_1438,GBMLGG
TEST_1439,COAD
TEST_1440,COAD
TEST_1441,STES
TEST_1442,BRCA
TEST_1443,COAD
TEST_1444,KIRC
TEST_1445,COAD
TEST_1446,COAD
TEST_1447,THCA
TEST_1448,COAD
TEST_1449,COAD
TEST_1450,TGCT
TEST_1451,COAD
TEST_1452,UCEC
TEST_1453,COAD
TEST_1454,BRCA
TEST_1455,LAML
TEST_1456,COAD
TEST_1457,STES
TEST_1458,STES
TEST_1459,COAD
TEST_1460,LGG
TEST_1461,PRAD
TEST_1462,SKCM
TEST_1463,PAAD
TEST_1464,SARC
TEST_1465,SARC
TEST_1466,BRCA
TEST_1467,LGG
TEST_1468,PRAD
TEST_1469,UCEC
TEST_1470,COAD
TEST_1471,COAD
TEST_1472,STES
TEST_1473,COAD
TEST_1474,COAD
TEST_1475,THCA
TEST_1476,OV
TEST_1477,COAD
TEST_1478,COAD
TEST_1479,PCPG
TEST_1480,THCA
TEST_1481,COAD
TEST_1482,COAD
TEST_1483,COAD
TEST_1484,BLCA
TEST_1485,BRCA
TEST_1486,PAAD
TEST_1487,THCA
TEST_1488,BLCA
TEST_1489,COAD
TEST_1490,LAML
TEST_1491,PAAD
TEST_1492,THCA
TEST_1493,PAAD
TEST_1494,OV
TEST_1495,UCEC
TEST_1496,LAML
TEST_1497,OV
TEST_1498,COAD
TEST_1499,GBMLGG
TEST_1500,PRAD
TEST_1501,HNSC
TEST_1502,TGCT
TEST_1503,COAD
TEST_1504,LGG
TEST_1505,COAD
TEST_1506,HNSC
TEST_1507,PCPG
TEST_1508,COAD
TEST_1509,GBMLGG
TEST_1510,COAD
TEST_1511,COAD
TEST_1512,BRCA
TEST_1513,COAD
TEST_1514,HNSC
TEST_1515,CESC
TEST_1516,CESC
TEST_1517,SARC
TEST_1518,BRCA
TEST_1519,STES
TEST_1520,THYM
TEST_1521,THYM
TEST_1522,COAD
TEST_1523,BRCA
TEST_1524,PAAD
TEST_1525,SKCM
TEST_1526,PRAD
TEST_1527,THCA
TEST_1528,GBMLGG
TEST_1529,HNSC
TEST_1530,CESC
TEST_1531,KIPAN
TEST_1532,THYM
TEST_1533,COAD
TEST_1534,BRCA
TEST_1535,STES
TEST_1536,THYM
TEST_1537,COAD
TEST_1538,THYM
TEST_1539,KIRC
TEST_1540,COAD
TEST_1541,STES
TEST_1542,THYM
TEST_1543,COAD
TEST_1544,STES
TEST_1545,KIRC
TEST_1546,UCEC
TEST_1547,OV
TEST_1548,COAD
TEST_1549,THYM
TEST_1550,CESC
TEST_1551,COAD
TEST_1552,TGCT
TEST_1553,COAD
TEST_1554,THYM
TEST_1555,THYM
TEST_1556,SKCM
TEST_1557,KIPAN
TEST_1558,THCA
TEST_1559,SKCM
TEST_1560,THYM
TEST_1561,THYM
TEST_1562,BRCA
TEST_1563,COAD
TEST_1564,OV
TEST_1565,KIRC
TEST_1566,THCA
TEST_1567,KIPAN
TEST_1568,THYM
TEST_1569,THCA
TEST_1570,BRCA
TEST_1571,LAML
TEST_1572,LGG
TEST_1573,PAAD
TEST_1574,PRAD
TEST_1575,KIRC
TEST_1576,LUSC
TEST_1577,HNSC
TEST_1578,KIPAN
TEST_1579,SARC
TEST_1580,KIRC
TEST_1581,OV
TEST_1582,COAD
TEST_1583,COAD
TEST_1584,BRCA
TEST_1585,PRAD
TEST_1586,OV
TEST_1587,BRCA
TEST_1588,SARC
TEST_1589,COAD
TEST_1590,LUAD
TEST_1591,COAD
TEST_1592,LAML
TEST_1593,COAD
TEST_1594,ACC
TEST_1595,PRAD
TEST_1596,COAD
TEST_1597,BRCA
TEST_1598,SKCM
TEST_1599,UCEC
TEST_1600,OV
TEST_1601,COAD
TEST_1602,COAD
TEST_1603,BRCA
TEST_1604,COAD
TEST_1605,PAAD
TEST_1606,HNSC
TEST_1607,COAD
TEST_1608,COAD
TEST_1609,PRAD
TEST_1610,CESC
TEST_1611,THCA
TEST_1612,STES
TEST_1613,LAML
TEST_1614,BRCA
TEST_1615,LUSC
TEST_1616,PCPG
TEST_1617,LUAD
TEST_1618,UCEC
TEST_1619,STES
TEST_1620,STES
TEST_1621,COAD
TEST_1622,THYM
TEST_1623,COAD
TEST_1624,SKCM
TEST_1625,KIRC
TEST_1626,SARC
TEST_1627,THCA
TEST_1628,OV
TEST_1629,OV
TEST_1630,THYM
TEST_1631,UCEC
TEST_1632,CESC
TEST_1633,OV
TEST_1634,THYM
TEST_1635,SARC
TEST_1636,BLCA
TEST_1637,KIPAN
TEST_1638,OV
TEST_1639,THYM
TEST_1640,LGG
TEST_1641,OV
TEST_1642,COAD
TEST_1643,SKCM
TEST_1644,COAD
TEST_1645,OV
TEST_1646,THYM
TEST_1647,COAD
TEST_1648,OV
TEST_1649,UCEC
TEST_1650,COAD
TEST_1651,COAD
TEST_1652,COAD
TEST_1653,KIRC
TEST_1654,COAD
TEST_1655,COAD
TEST_1656,PRAD
TEST_1657,LGG
TEST_1658,THYM
TEST_1659,COAD
TEST_1660,STES
TEST_1661,OV
TEST_1662,SARC
TEST_1663,GBMLGG
TEST_1664,SKCM
TEST_1665,KIPAN
TEST_1666,OV
TEST_1667,SARC
TEST_1668,STES
TEST_1669,SKCM
TEST_1670,COAD
TEST_1671,PCPG
TEST_1672,COAD
TEST_1673,COAD
TEST_1674,COAD
TEST_1675,LGG
TEST_1676,COAD
TEST_1677,PRAD
TEST_1678,TGCT
TEST_1679,KIPAN
TEST_1680,KIPAN
TEST_1681,KIPAN
TEST_1682,PCPG
TEST_1683,COAD
TEST_1684,LGG
TEST_1685,BRCA
TEST_1686,PCPG
TEST_1687,COAD
TEST_1688,THCA
TEST_1689,COAD
TEST_1690,THYM
TEST_1691,COAD
TEST_1692,THCA
TEST_1693,LGG
TEST_1694,COAD
TEST_1695,BRCA
TEST_1696,THYM
TEST_1697,CESC
TEST_1698,OV
TEST_1699,PAAD
TEST_1700,LGG
TEST_1701,THYM
TEST_1702,LGG
TEST_1703,HNSC
TEST_1704,THYM
TEST_1705,COAD
TEST_1706,BRCA
TEST_1707,SARC
TEST_1708,PCPG
TEST_1709,THYM
TEST_1710,TGCT
TEST_1711,STES
TEST_1712,OV
TEST_1713,BRCA
TEST_1714,COAD
TEST_1715,KIRC
TEST_1716,OV
TEST_1717,OV
TEST_1718,COAD
TEST_1719,CESC
TEST_1720,COAD
TEST_1721,HNSC
TEST_1722,ACC
TEST_1723,OV
TEST_1724,COAD
TEST_1725,COAD
TEST_1726,KIRC
TEST_1727,LAML
TEST_1728,THCA
TEST_1729,LGG
TEST_1730,COAD
TEST_1731,BRCA
TEST_1732,OV
TEST_1733,BRCA
TEST_1734,GBMLGG
TEST_1735,OV
TEST_1736,THYM
TEST_1737,PAAD
TEST_1738,PRAD
TEST_1739,COAD
TEST_1740,GBMLGG
TEST_1741,LAML
TEST_1742,COAD
TEST_1743,STES
TEST_1744,OV
TEST_1745,OV
TEST_1746,COAD
TEST_1747,OV
TEST_1748,THCA
TEST_1749,PAAD
TEST_1750,TGCT
TEST_1751,SKCM
TEST_1752,COAD
TEST_1753,LGG
TEST_1754,LGG
TEST_1755,PRAD
TEST_1756,PRAD
TEST_1757,OV
TEST_1758,THCA
TEST_1759,KIPAN
TEST_1760,OV
TEST_1761,KIRC
TEST_1762,COAD
TEST_1763,OV
TEST_1764,COAD
TEST_1765,UCEC
TEST_1766,COAD
TEST_1767,UCEC
TEST_1768,BRCA
TEST_1769,OV
TEST_1770,THYM
TEST_1771,BLCA
TEST_1772,STES
TEST_1773,SKCM
TEST_1774,THCA
TEST_1775,OV
TEST_1776,TGCT
TEST_1777,OV
TEST_1778,OV
TEST_1779,THYM
TEST_1780,THCA
TEST_1781,OV
TEST_1782,STES
TEST_1783,LIHC
TEST_1784,THCA
TEST_1785,THYM
TEST_1786,COAD
TEST_1787,COAD
TEST_1788,ACC
TEST_1789,COAD
TEST_1790,SARC
TEST_1791,PRAD
TEST_1792,COAD
TEST_1793,PAAD
TEST_1794,HNSC
TEST_1795,SKCM
TEST_1796,PAAD
TEST_1797,LUSC
TEST_1798,COAD
TEST_1799,COAD
TEST_1800,LIHC
TEST_1801,BRCA
TEST_1802,OV
TEST_1803,COAD
TEST_1804,THYM
TEST_1805,BRCA
TEST_1806,SARC
TEST_1807,THYM
TEST_1808,THYM
TEST_1809,COAD
TEST_1810,PCPG
TEST_1811,LUSC
TEST_1812,KIPAN
TEST_1813,OV
TEST_1814,COAD
TEST_1815,COAD
TEST_1816,KIRC
TEST_1817,HNSC
TEST_1818,SARC
TEST_1819,TGCT
TEST_1820,LIHC
TEST_1821,LGG
TEST_1822,PAAD
TEST_1823,STES
TEST_1824,COAD
TEST_1825,COAD
TEST_1826,OV
TEST_1827,SARC
TEST_1828,KIRC
TEST_1829,SARC
TEST_1830,THYM
TEST_1831,OV
TEST_1832,THYM
TEST_1833,KIRC
TEST_1834,THYM
TEST_1835,LUAD
TEST_1836,KIRC
TEST_1837,SKCM
TEST_1838,HNSC
TEST_1839,COAD
TEST_1840,PCPG
TEST_1841,OV
TEST_1842,HNSC
TEST_1843,UCEC
TEST_1844,LUSC
TEST_1845,TGCT
TEST_1846,PRAD
TEST_1847,LGG
TEST_1848,OV
TEST_1849,PCPG
TEST_1850,PAAD
TEST_1851,LAML
TEST_1852,LUSC
TEST_1853,THCA
TEST_1854,STES
TEST_1855,STES
TEST_1856,THCA
TEST_1857,UCEC
TEST_1858,PRAD
TEST_1859,HNSC
TEST_1860,STES
TEST_1861,COAD
TEST_1862,UCEC
TEST_1863,SKCM
TEST_1864,PAAD
TEST_1865,THYM
TEST_1866,THYM
TEST_1867,COAD
TEST_1868,SARC
TEST_1869,SKCM
TEST_1870,COAD
TEST_1871,CESC
TEST_1872,PAAD
TEST_1873,STES
TEST_1874,TGCT
TEST_1875,LGG
TEST_1876,COAD
TEST_1877,OV
TEST_1878,COAD
TEST_1879,KIRC
TEST_1880,OV
TEST_1881,KIPAN
TEST_1882,KIRC
TEST_1883,BRCA
TEST_1884,THYM
TEST_1885,PRAD
TEST_1886,CESC
TEST_1887,LIHC
TEST_1888,COAD
TEST_1889,COAD
TEST_1890,COAD
TEST_1891,LIHC
TEST_1892,OV
TEST_1893,SKCM
TEST_1894,PCPG
TEST_1895,KIPAN
TEST_1896,KIRC
TEST_1897,COAD
TEST_1898,HNSC
TEST_1899,OV
TEST_1900,BLCA
TEST_1901,COAD
TEST_1902,OV
TEST_1903,SKCM
TEST_1904,UCEC
TEST_1905,THCA
TEST_1906,STES
TEST_1907,KIPAN
TEST_1908,STES
TEST_1909,LGG
TEST_1910,LGG
TEST_1911,THYM
TEST_1912,KIPAN
TEST_1913,UCEC
TEST_1914,STES
TEST_1915,COAD
TEST_1916,COAD
TEST_1917,KIPAN
TEST_1918,KIPAN
TEST_1919,THYM
TEST_1920,LUSC
TEST_1921,COAD
TEST_1922,SKCM
TEST_1923,COAD
TEST_1924,LUSC
TEST_1925,KIPAN
TEST_1926,THYM
TEST_1927,COAD
TEST_1928,COAD
TEST_1929,LGG
TEST_1930,PAAD
TEST_1931,OV
TEST_1932,UCEC
TEST_1933,PCPG
TEST_1934,COAD
TEST_1935,SARC
TEST_1936,LGG
TEST_1937,KIPAN
TEST_1938,COAD
TEST_1939,CESC
TEST_1940,TGCT
TEST_1941,BRCA
TEST_1942,COAD
TEST_1943,TGCT
TEST_1944,BRCA
TEST_1945,COAD
TEST_1946,BRCA
TEST_1947,THCA
TEST_1948,THYM
TEST_1949,SARC
TEST_1950,PAAD
TEST_1951,OV
TEST_1952,TGCT
TEST_1953,SKCM
TEST_1954,COAD
TEST_1955,PAAD
TEST_1956,TGCT
TEST_1957,COAD
TEST_1958,COAD
TEST_1959,THCA
TEST_1960,OV
TEST_1961,TGCT
TEST_1962,OV
TEST_1963,COAD
TEST_1964,OV
TEST_1965,THYM
TEST_1966,COAD
TEST_1967,COAD
TEST_1968,COAD
TEST_1969,COAD
TEST_1970,LAML
TEST_1971,PAAD
TEST_1972,BRCA
TEST_1973,KIPAN
TEST_1974,TGCT
TEST_1975,BRCA
TEST_1976,PCPG
TEST_1977,SARC
TEST_1978,LAML
TEST_1979,LAML
TEST_1980,BRCA
TEST_1981,THCA
TEST_1982,LIHC
TEST_1983,KIPAN
TEST_1984,PAAD
TEST_1985,BRCA
TEST_1986,PAAD
TEST_1987,HNSC
TEST_1988,COAD
TEST_1989,LAML
TEST_1990,PCPG
TEST_1991,COAD
TEST_1992,SARC
TEST_1993,BRCA
TEST_1994,COAD
TEST_1995,COAD
TEST_1996,COAD
TEST_1997,THCA
TEST_1998,GBMLGG
TEST_1999,STES
TEST_2000,COAD
TEST_2001,STES
TEST_2002,OV
TEST_2003,OV
TEST_2004,COAD
TEST_2005,THYM
TEST_2006,STES
TEST_2007,KIRC
TEST_2008,BRCA
TEST_2009,BRCA
TEST_2010,PRAD
TEST_2011,COAD
TEST_2012,KIRC
TEST_2013,ACC
TEST_2014,KIPAN
TEST_2015,THYM
TEST_2016,UCEC
TEST_2017,THYM
TEST_2018,COAD
TEST_2019,COAD
TEST_2020,COAD
TEST_2021,OV
TEST_2022,KIRC
TEST_2023,UCEC
TEST_2024,KIRC
TEST_2025,COAD
TEST_2026,CESC
TEST_2027,THYM
TEST_2028,THCA
TEST_2029,KIPAN
TEST_2030,KIPAN
TEST_2031,BLCA
TEST_2032,PRAD
TEST_2033,COAD
TEST_2034,COAD
TEST_2035,PCPG
TEST_2036,PAAD
TEST_2037,COAD
TEST_2038,COAD
TEST_2039,KIRC
TEST_2040,COAD
TEST_2041,KIRC
TEST_2042,PCPG
TEST_2043,COAD
TEST_2044,PRAD
TEST_2045,STES
TEST_2046,THYM
TEST_2047,OV
TEST_2048,SKCM
TEST_2049,THCA
TEST_2050,OV
TEST_2051,COAD
TEST_2052,STES
TEST_2053,COAD
TEST_2054,SKCM
TEST_2055,THCA
TEST_2056,KIRC
TEST_2057,TGCT
TEST_2058,STES
TEST_2059,THYM
TEST_2060,COAD
TEST_2061,COAD
TEST_2062,COAD
TEST_2063,STES
TEST_2064,KIRC
TEST_2065,KIPAN
TEST_2066,PAAD
TEST_2067,COAD
TEST_2068,COAD
TEST_2069,THYM
TEST_2070,COAD
TEST_2071,BRCA
TEST_2072,TGCT
TEST_2073,SKCM
TEST_2074,THCA
TEST_2075,ACC
TEST_2076,COAD
TEST_2077,HNSC
TEST_2078,CESC
TEST_2079,PAAD
TEST_2080,BRCA
TEST_2081,KIPAN
TEST_2082,PCPG
TEST_2083,THYM
TEST_2084,STES
TEST_2085,COAD
TEST_2086,KIRC
TEST_2087,PAAD
TEST_2088,COAD
TEST_2089,THCA
TEST_2090,COAD
TEST_2091,THYM
TEST_2092,DLBC
TEST_2093,KIPAN
TEST_2094,ACC
TEST_2095,SARC
TEST_2096,LGG
TEST_2097,COAD
TEST_2098,CESC
TEST_2099,HNSC
TEST_2100,UCEC
TEST_2101,COAD
TEST_2102,COAD
TEST_2103,COAD
TEST_2104,COAD
TEST_2105,COAD
TEST_2106,UCEC
TEST_2107,KIPAN
TEST_2108,COAD
TEST_2109,COAD
TEST_2110,HNSC
TEST_2111,COAD
TEST_2112,BRCA
TEST_2113,GBMLGG
TEST_2114,THYM
TEST_2115,THYM
TEST_2116,BRCA
TEST_2117,PRAD
TEST_2118,THYM
TEST_2119,COAD
TEST_2120,KIPAN
TEST_2121,COAD
TEST_2122,STES
TEST_2123,COAD
TEST_2124,HNSC
TEST_2125,COAD
TEST_2126,BRCA
TEST_2127,STES
TEST_2128,OV
TEST_2129,PRAD
TEST_2130,COAD
TEST_2131,PCPG
TEST_2132,THYM
TEST_2133,COAD
TEST_2134,KIPAN
TEST_2135,COAD
TEST_2136,STES
TEST_2137,LGG
TEST_2138,SKCM
TEST_2139,OV
TEST_2140,SKCM
TEST_2141,PAAD
TEST_2142,COAD
TEST_2143,KIPAN
TEST_2144,HNSC
TEST_2145,COAD
TEST_2146,KIRC
TEST_2147,PRAD
TEST_2148,COAD
TEST_2149,COAD
TEST_2150,LAML
TEST_2151,THYM
TEST_2152,COAD
TEST_2153,THYM
TEST_2154,BRCA
TEST_2155,ACC
TEST_2156,OV
TEST_2157,PAAD
TEST_2158,TGCT
TEST_2159,BRCA
TEST_2160,LUSC
TEST_2161,UCEC
TEST_2162,OV
TEST_2163,LGG
TEST_2164,PCPG
TEST_2165,LGG
TEST_2166,SKCM
TEST_2167,LGG
TEST_2168,COAD
TEST_2169,HNSC
TEST_2170,COAD
TEST_2171,THYM
TEST_2172,COAD
TEST_2173,LUAD
TEST_2174,LUAD
TEST_2175,GBMLGG
TEST_2176,GBMLGG
TEST_2177,SKCM
TEST_2178,GBMLGG
TEST_2179,THYM
TEST_2180,COAD
TEST_2181,THCA
TEST_2182,KIPAN
TEST_2183,SARC
TEST_2184,KIPAN
TEST_2185,PRAD
TEST_2186,BRCA
TEST_2187,COAD
TEST_2188,KIPAN
TEST_2189,LUSC
TEST_2190,THCA
TEST_2191,DLBC
TEST_2192,SKCM
TEST_2193,STES
TEST_2194,COAD
TEST_2195,STES
TEST_2196,LUAD
TEST_2197,COAD
TEST_2198,CESC
TEST_2199,STES
TEST_2200,COAD
TEST_2201,SARC
TEST_2202,COAD
TEST_2203,COAD
TEST_2204,THCA
TEST_2205,KIPAN
TEST_2206,PAAD
TEST_2207,PCPG
TEST_2208,COAD
TEST_2209,COAD
TEST_2210,KIPAN
TEST_2211,STES
TEST_2212,THCA
TEST_2213,PRAD
TEST_2214,UCEC
TEST_2215,STES
TEST_2216,PAAD
TEST_2217,COAD
TEST_2218,OV
TEST_2219,COAD
TEST_2220,UCEC
TEST_2221,LGG
TEST_2222,PCPG
TEST_2223,BRCA
TEST_2224,PCPG
TEST_2225,OV
TEST_2226,PAAD
TEST_2227,STES
TEST_2228,COAD
TEST_2229,COAD
TEST_2230,BRCA
TEST_2231,COAD
TEST_2232,LUSC
TEST_2233,THCA
TEST_2234,COAD
TEST_2235,LUAD
TEST_2236,CESC
TEST_2237,COAD
TEST_2238,UCEC
TEST_2239,OV
TEST_2240,OV
TEST_2241,TGCT
TEST_2242,COAD
TEST_2243,KIPAN
TEST_2244,COAD
TEST_2245,KIRC
TEST_2246,GBMLGG
TEST_2247,SARC
TEST_2248,HNSC
TEST_2249,STES
TEST_2250,COAD
TEST_2251,TGCT
TEST_2252,LIHC
TEST_2253,COAD
TEST_2254,TGCT
TEST_2255,STES
TEST_2256,OV
TEST_2257,PCPG
TEST_2258,THCA
TEST_2259,COAD
TEST_2260,UCEC
TEST_2261,KIPAN
TEST_2262,KIRC
TEST_2263,THCA
TEST_2264,LGG
TEST_2265,PAAD
TEST_2266,LUSC
TEST_2267,CESC
TEST_2268,THCA
TEST_2269,COAD
TEST_2270,BRCA
TEST_2271,BRCA
TEST_2272,BLCA
TEST_2273,UCEC
TEST_2274,THYM
TEST_2275,TGCT
TEST_2276,GBMLGG
TEST_2277,COAD
TEST_2278,PAAD
TEST_2279,PRAD
TEST_2280,TGCT
TEST_2281,THYM
TEST_2282,COAD
TEST_2283,THCA
TEST_2284,SKCM
TEST_2285,COAD
TEST_2286,HNSC
TEST_2287,OV
TEST_2288,BRCA
TEST_2289,STES
TEST_2290,COAD
TEST_2291,DLBC
TEST_2292,THYM
TEST_2293,THCA
TEST_2294,TGCT
TEST_2295,OV
TEST_2296,COAD
TEST_2297,KIPAN
TEST_2298,COAD
TEST_2299,LUSC
TEST_2300,UCEC
TEST_2301,COAD
TEST_2302,COAD
TEST_2303,LAML
TEST_2304,COAD
TEST_2305,COAD
TEST_2306,UCEC
TEST_2307,LGG
TEST_2308,LGG
TEST_2309,COAD
TEST_2310,COAD
TEST_2311,THCA
TEST_2312,SKCM
TEST_2313,CESC
TEST_2314,KIRC
TEST_2315,STES
TEST_2316,COAD
TEST_2317,TGCT
TEST_2318,HNSC
TEST_2319,THCA
TEST_2320,STES
TEST_2321,COAD
TEST_2322,PRAD
TEST_2323,KIRC
TEST_2324,KIPAN
TEST_2325,THYM
TEST_2326,PRAD
TEST_2327,OV
TEST_2328,THCA
TEST_2329,SKCM
TEST_2330,LUSC
TEST_2331,COAD
TEST_2332,BLCA
TEST_2333,BRCA
TEST_2334,PCPG
TEST_2335,BRCA
TEST_2336,COAD
TEST_2337,TGCT
TEST_2338,PAAD
TEST_2339,PAAD
TEST_2340,THYM
TEST_2341,THYM
TEST_2342,COAD
TEST_2343,LUSC
TEST_2344,KIRC
TEST_2345,PAAD
TEST_2346,THYM
TEST_2347,SKCM
TEST_2348,LUAD
TEST_2349,COAD
TEST_2350,STES
TEST_2351,SARC
TEST_2352,HNSC
TEST_2353,OV
TEST_2354,COAD
TEST_2355,CESC
TEST_2356,LAML
TEST_2357,COAD
TEST_2358,PCPG
TEST_2359,PCPG
TEST_2360,STES
TEST_2361,STES
TEST_2362,OV
TEST_2363,PRAD
TEST_2364,COAD
TEST_2365,COAD
TEST_2366,BLCA
TEST_2367,KIPAN
TEST_2368,COAD
TEST_2369,STES
TEST_2370,THCA
TEST_2371,THCA
TEST_2372,LAML
TEST_2373,KIPAN
TEST_2374,OV
TEST_2375,OV
TEST_2376,COAD
TEST_2377,COAD
TEST_2378,PRAD
TEST_2379,BRCA
TEST_2380,BLCA
TEST_2381,KIRC
TEST_2382,COAD
TEST_2383,LAML
TEST_2384,TGCT
TEST_2385,PRAD
TEST_2386,COAD
TEST_2387,COAD
TEST_2388,COAD
TEST_2389,BLCA
TEST_2390,SARC
TEST_2391,HNSC
TEST_2392,OV
TEST_2393,PRAD
TEST_2394,SARC
TEST_2395,THYM
TEST_2396,LUSC
TEST_2397,STES
TEST_2398,COAD
TEST_2399,LIHC
TEST_2400,COAD
TEST_2401,COAD
TEST_2402,PRAD
TEST_2403,STES
TEST_2404,GBMLGG
TEST_2405,KIPAN
TEST_2406,THCA
TEST_2407,COAD
TEST_2408,COAD
TEST_2409,COAD
TEST_2410,KIPAN
TEST_2411,KIRC
TEST_2412,THYM
TEST_2413,COAD
TEST_2414,BRCA
TEST_2415,COAD
TEST_2416,STES
TEST_2417,COAD
TEST_2418,THYM
TEST_2419,COAD
TEST_2420,COAD
TEST_2421,COAD
TEST_2422,LGG
TEST_2423,OV
TEST_2424,PCPG
TEST_2425,COAD
TEST_2426,CESC
TEST_2427,COAD
TEST_2428,COAD
TEST_2429,ACC
TEST_2430,COAD
TEST_2431,THYM
TEST_2432,LIHC
TEST_2433,HNSC
TEST_2434,PCPG
TEST_2435,COAD
TEST_2436,LIHC
TEST_2437,COAD
TEST_2438,LUSC
TEST_2439,COAD
TEST_2440,COAD
TEST_2441,LIHC
TEST_2442,THCA
TEST_2443,GBMLGG
TEST_2444,KIRC
TEST_2445,COAD
TEST_2446,SKCM
TEST_2447,BRCA
TEST_2448,COAD
TEST_2449,COAD
TEST_2450,ACC
TEST_2451,STES
TEST_2452,PCPG
TEST_2453,SARC
TEST_2454,COAD
TEST_2455,OV
TEST_2456,HNSC
TEST_2457,BRCA
TEST_2458,TGCT
TEST_2459,KIRC
TEST_2460,STES
TEST_2461,COAD
TEST_2462,COAD
TEST_2463,PCPG
TEST_2464,LIHC
TEST_2465,BLCA
TEST_2466,STES
TEST_2467,STES
TEST_2468,STES
TEST_2469,BRCA
TEST_2470,COAD
TEST_2471,SKCM
TEST_2472,OV
TEST_2473,COAD
TEST_2474,ACC
TEST_2475,COAD
TEST_2476,COAD
TEST_2477,STES
TEST_2478,KIPAN
TEST_2479,BRCA
TEST_2480,KIPAN
TEST_2481,THYM
TEST_2482,STES
TEST_2483,THCA
TEST_2484,SKCM
TEST_2485,COAD
TEST_2486,COAD
TEST_2487,PRAD
TEST_2488,PAAD
TEST_2489,OV
TEST_2490,TGCT
TEST_2491,COAD
TEST_2492,PCPG
TEST_2493,COAD
TEST_2494,BRCA
TEST_2495,PRAD
TEST_2496,KIPAN
TEST_2497,HNSC
TEST_2498,BRCA
TEST_2499,COAD
TEST_2500,COAD
TEST_2501,KIRC
TEST_2502,THYM
TEST_2503,HNSC
TEST_2504,PRAD
TEST_2505,CESC
TEST_2506,BRCA
TEST_2507,GBMLGG
TEST_2508,KIRC
TEST_2509,OV
TEST_2510,PAAD
TEST_2511,OV
TEST_2512,KIRC
TEST_2513,THCA
TEST_2514,COAD
TEST_2515,LGG
TEST_2516,COAD
TEST_2517,BRCA
TEST_2518,OV
TEST_2519,COAD
TEST_2520,COAD
TEST_2521,PCPG
TEST_2522,COAD
TEST_2523,COAD
TEST_2524,COAD
TEST_2525,COAD
TEST_2526,COAD
TEST_2527,COAD
TEST_2528,COAD
TEST_2529,HNSC
TEST_2530,KIRC
TEST_2531,COAD
TEST_2532,PCPG
TEST_2533,THYM
TEST_2534,STES
TEST_2535,OV
TEST_2536,COAD
TEST_2537,COAD
TEST_2538,COAD
TEST_2539,KIRC
TEST_2540,DLBC
TEST_2541,COAD
TEST_2542,PAAD
TEST_2543,SKCM
TEST_2544,LAML
TEST_2545,LGG
